Code,Name
CABLES,CABLES
HERO HONDA,HERO HONDA
YAMAHA,YAMAHA
HONDA,HONDA
BAJAJ,BAJAJ
TVS,TVS
COMMEN,COMMEN
SUZUKI,SUZUKI
BRAKE SWITCH & CLUTCH SWITCH,BRAKE SWITCH & CLUTCH SWITCH
BRAKE SHOE,BRAKE SHOE
ENGINE OIL,ENGINE OIL
SPARK MINDA LOCKS,SPARK MINDA LOCKS
TYRE & TUBE,TYRE & TUBE
ARROW FIBER,ARROW FIBER
ACCESSORIES,ACCESSORIES
HANDLE GRIP COVER,HANDLE GRIP COVER
INDICATOR OEM,INDICATOR OEM
RXZ,RXZ
MIRROR FANCY,MIRROR FANCY
HANDLE GRIP RUBBER (FIRST),HANDLE GRIP RUBBER (FIRST)
SILENCER/EXHAUST,SILENCER/EXHAUST
HEADLIGHTS (BULB/LED/HID),HEADLIGHTS (BULB/LED/HID)
HANDLE GRIP METAL W/RUBBER FIRST,HANDLE GRIP METAL W/RUBBER FIRST
BRAKE SWITCH & CLUTCH SWITCH,BRAKE SWITCH & CLUTCH SWITCH
BULLET ACCESSORIES,BULLET ACCESSORIES
MIRROR FANCY,MIRROR FANCY
ENGINE OIL,ENGINE OIL
SILENCER/EXHAUST,SILENCER/EXHAUST
HANDLE GRIP RUBBER (FIRST),HANDLE GRIP RUBBER (FIRST)
SIDE STAND,SIDE STAND
TYRE & TUBE,TYRE & TUBE
MAHENDRA,MAHENDRA
UTILITY,UTILITY
UNO MINDA INDICATORS,UNO MINDA INDICATORS
STAINER,STAINER
ROLON CHAINS,ROLON CHAINS
INDICATOR FANCY,INDICATOR FANCY
OTHER ACCESSORIES,OTHER ACCESSORIES
FOG LAMP,FOG LAMP
HORN,HORN
FIRST GRIP,FIRST GRIP
