Code,Name,HSN,GST Id,Purchase Price,Price Margin,Retail Price,Category Code
1362,INDICATOR starcity REAR OWIN,,5,49,0,70,C00006
1363,INDICATOR GLASS activa N/M FORNT RH VHPL,,5,81,0,108,C00004
1364,NUMBER PLATE activa N/M FRONT PIVO,,5,40,0,61,C00003
1365,INDICATOR GLASS activa N/M REAR,,5,130,0,170,C00004
1366,NUMBER PLATE activa N/M SMALL 7,,5,33,0,47,C00004
1367,TANK COVER hh LTHR,,5,130,0,200,C00002
182,AIR FILTER discover N/M KM,,5,120,0,178,C00007
209,CHAIN SPROCKET discover 125st ROLON,,5,902,0,1100,C00003
165,CHAIN COVER rx ABM,,5,343,0,490,C00003
1266,MIRROR splendor plus LEFT FIEM,,5,77,0,103,C00002
539,WHEEL OIL SEAL activa,,5,16,0,20,C00004
,WHEEL RIM 275/18 GABRIEL,,5,523,0,645,C00007
222,SWITCH SET passion MINDA,,5,194,0,256,C00002
560,HUB COVER activa N/M SMALL VHPL,,5,22,0,40,C00004
688,HUB COVER activa/pleasure O/M VHPL,,5,24,0,30,C00004
328,KICKER LIVER activa N/M SI,,5,194,0,270,C00004
1216,CLUTCH CABLE libero g5 MINDA,,5,77,0,122,C00001
131,CLUTCH PACKING super spl/glamour SK,,5,16,0,24,C00002
635,FOOT REST ct100 REAR ZODIX,,5,72,0,104,C00005
646,VISOR pulsar BLACK,,5,440,0,536,C00005
603,HORN pulsar MINDA,,5,277,0,379,C00007
1277,FIRST GRIP pulsar ARUN,,5,54,0,72,C00005
1273,FLUG CAP unicorn SWISS,,5,47,0,62,C00004
1053,BRAKE SHOE activa N/M ASK,,5,104,0,175,C00010
1040,FULL PACKING KIT activa O/M SK,,5,52,0,70,C00004
1218,BRAKE SWITCH unicorn REAR MINDA,,5,45,0,54,C00009
1260,HORN SWITCH activa N/M MIDNA,,5,44,0,58,C00004
401,BREAK SHOU SPRING rx/libero,,5,2,0,5,C00003
1223,BENDEX CUP activa VHPL,,5,72,0,99,C00004
1059,WIND SHIELD pulsar OE,,5,82,0,120,C00005
931,BREAK PEDAL ct100/caliber ZODIX,,5,175,0,260,C00005
1034,VISOR shine O/M BLACK ARROW,,5,332,0,475,C00004
1035,MEETER GLASS activa N/M IAD,,5,69,0,115,C00004
1054,AIR FILTER pleasure KM,,5,80,0,115,C00002
926,MUDGUARD activa N/M FRONT ABM,,5,857,0,1320,C00004
986,LADIES HANDLE dio,,5,38,0,70,C00004
1201,BRAKE SWITCH shine FRONT MINDA,,5,23,0,27,C00009
1208,SIDE STAND splendor,,5,83,0,110,C00002
1205,MEETER GLASS activa O/M,,5,40,0,44,C00004
993,ACC CABLE discover 125st ENGI,,5,65,0,100,C00001
938,MIRROR ray LH GAURAV,,5,67,0,105,C00003
1056,MIRROR pulsar RH AUTOBIRD,,5,100,0,136,C00005
971,FOOT REST RUBBER cd100 PIVO,,5,33,0,50,C00002
1360,LOCK SET activa O/M MINDA,,5,306,0,372,C00012
277,CLUTCH CABLE discover 125st LAREX,,5,85,0,140,C00005
1052,SIDE STAND SPRING shine/unicorn PIVO,,5,6.5,0,10,C00004
1215,BRAKE YOKE hh FORCE,,5,40,0,53,C00019
1030,LOCK SET rxz MINDA SET/4,,5,1180,0,2000,C00012
469,VISOR GLASS rxz WHITE,,5,200,0,300,C00018
1219,RPM CABLE AND WORM KIT rxz,,5,400,0,780,C00018
146,CARRIER rxz,,5,500,0,1200,C00018
1022,KICKER REPAIR KIT splendor ZODIX,,5,6,0,10,C00002
689,TUBE 2/75/17 GABRIEL,,5,187,0,241,C00003
817,MUDGUARD REAR rxz,,5,250,0,400,C00018
813,FORK OIL SEAL fz HTA,,5,48,0,59,C00003
254,SIDE STAND LIBERO BAPL,,5,97,0,138,C00003
1250,MIRROR shine O/M LEFT FIEM,,5,104,0,146,C00004
1251,BREAK CABLE aviator DISC LAREX,,5,119,0,170,C00004
1075,FLUG hh SMALL BOSCH,,5,64,0,80,C00002
1000,SERVO 800ml,,5,163,0,219,C00011
110,AIR FILTER fz16 KM,,5,138,0,181,C00003
893,AIR FILTER fz/szr KM,,5,163,0,234,C00003
999,CLUTCH CABLE crux s SUPRAJIT,,5,65,0,103,C00003
1061,MUDGUARD CLAMP passion ZODIX,,5,82,0,116,C00002
884,FOOT REST discover100 ZODIX,,5,75,0,106,C00005
1244,HL ASSY ct100 FIEM,,5,387,0,544,C00005
159,SWIFFTROLL 1ltr,,5,145,0,260,C00011
104,INDICATOR rxz SWISS,,5,95,0,130,C00003
301,ACC CABLE passion pro LAREX,,5,55,0,78,C00001
257,SIDE STAND SPRING crux/ybx/rx,,5,8,0,15,C00003
279,SIDE STAND fz PIVO,,5,82,0,116,C00003
312,PETROL STAINER glamour O/M PAVNA,,5,83,0,100,C00002
1370,MUDGUARD victor FRONT SAI,,5,287,0,422,C00006
409,TUBE 2/75/17 TVS,,5,246,0,290,C00007
434,SIDE STAND activa O/M VENDERS,,5,70,0,100,C00007
450,LOCK SET discover125 MINDA,,5,472,0,644,C00012
1371,CHAIN SPROCKET splendor DIMOND,,5,445,0,616,C00002
1372,CHAIN SPROCKET passion plus A/W DIMOND,,5,448,0,592,C00002
1373,CHAIN SPROCKET ct100 O/M MINDA,,5,571,0,838,C00005
1374,CHAIN SPROCKET victor/gl MINDA,,5,487,0,715,C00006
404,MOTUL 1.15 10/50,,5,372,0,470,C00011
223,CHAIN SPROCKET fz/fazer DIMOND,,5,974,0,1265,C00001
,MUDGUARD activa O/M FRONT,,5,455,0,650,C00004
902,CLUTCH SHOU scooty pep ASK,,5,236,0,290,C00006
958,KICKER LIVER cd100,,5,180,0,256,C00002
375,SM PINION plesure ZODIX,,5,21,0,27,C00002
655,KICKER LIVER activa O/M ZODIX,,5,149,0,212,C00004
748,CARBON BRUSH activa SPARTA,,5,68,0,60,C00004
776,INDICATOR GLASS activa O/M REAR,,5,66,0,90,C00004
839,MAIN TUBE splendolr GABRIEL,,5,442,0,538,C00002
885,SWITCH SET LIBERO MINDA,,5,431,0,568,C00003
1025,GEAR SHAFT hh/cd100/splendor/passion ZODIX,,5,108,0,154,C00002
1369,KICKER SHAFT cd100 OE,,5,263,0,300,C00002
403,MUDGUARD shine O/M BLACK ARROW,,5,234,0,360,C00004
972,"SEAT COVER jupiter 1"" cussion arun",,5,160,0,220,C00006
702,SEAT COVER samurai ARUN,,5,140,0,190,C00008
923,CUSH RUBBER hh STEELBIRD,,5,37,0,48,C00002
1033,FOOT REST splendor RL ZODIX,,5,41,0,58,C00002
331,AIR FILTER  victor KM,,5,41,0,57,C00006
590,MUD FLAP spendor REAR ZODIX,,5,26,0,40,C00002
670,TANK COVER COMMON LETHER,,5,130,0,200,C00007
996,ANABOND 15g,,5,15,0,20,C00007
1194,BEARING 6005Z SKF,,5,163,0,216,C00007
323,LOCK SET (SET1) passion pro/splendor pro/cd dlx N/.M MINDA,,5,295,0,402,C00012
388,FOOT REST rx REAR ZODIX,,5,77,0,110,C00003
5001,QUICK THROTTLE W/LOCK,,5,970,0,1500,C00013
5003,BAR END MIRROR OWAL SMALL,,5,400,0,850,C00020
5008,INDICATOR FANCY HAEVY,,5,360,0,490,C00013
5010,HANDLE ROD,,5,125,0,240,C00013
5011,HANDLE GRIP FIRST FULL RUBBER COLOR,,5,112,0,160,C00021
5012,SILENCER/EXHAUST ENDURANCE TRIANGLE,,5,950,0,2200,C00022
5016,HANDLE ROD 3 PIECE,,5,270,0,350,C00013
5017,TANK PAD CB HONDA 4PIECE,,5,122,0,240,C00013
1011,OIL SEAL KIT kinetic honda PIONEER,,5,98,0,126,C00004
1376,NUTBOLT 8/25,,5,1.5,0,2,C00007
1378,NUTBOLT 8/40,,5,1.7,0,2,C00007
1382,NUTBOLT 10/50,,5,2,0,3,C00007
1383,NUTBOLT 13/18,,5,3.25,0,4,C00007
1384,NUTBOLT 13/25,,5,3.43,0,4,C00007
1385,NUTBOLT 13/35,,5,3.78,0,4,C00007
1387,BOLT 12/20,,5,3,0,4,C00007
1388,NUT W/WASHER 12,,5,1,0,2,C00007
1391,ALENKEY BOLT HANDLE WEIGHT pulsar,,5,8,0,10,C00007
1392,HL CLIP,,5,1.5,0,2,C00007
1393,STAR SCREW 10mm,,5,1.5,0,2,C00001
1396,VISOR SCREW passion,,5,2,0,3,C00007
1401,TUNION,,5,2,0,3,C00007
1402,SHOCKER NUT hh,,5,8,0,12,C00007
1403,WASHER 10mm big,,5,0.41,0,0.5,C00007
1404,WHEEL NUT activa N/M,,5,10,0,7,C00004
1318,WASHER 8mm SMALL,,5,0.5,0,1,C00007
1405,WASHER 13mm,,5,0.2,0,0.5,C00001
1406,HEADLIGHT ADJUSTER BOLT splendor,,5,5,0,6,C00002
1407,BREAK ROD NUT,,5,4,0,5,C00007
1408,NUTBOLT 10/15,,5,1.26,0,2,C00007
5018,FLASH LIGHT ROUND WHITE,,5,30,0,40,C00013
5019,FLASH LIGHT ROUND GREEN,,5,30,0,40,C00013
5020,FLASH LIGHT ROUND BLUE,,5,30,0,40,C00013
5022,FLASH LIGHT SQUARE WHITE,,5,25,0,40,C00013
5023,FLASH LIGHT SQUARE MULTY,,5,25,0,40,C00013
5024,FLASH LIGHT SQUARE GREEN,,5,25,0,40,C00013
5025,CRASH GUARD DIMOND W/ROPE,,5,400,0,1200,C00013
5026,HL BULB LED W/COLOUR 4LED,,5,160,0,280,C00023
5027,FLASH LIGHT SQUARE GREEN DIMOND,,5,25,0,40,C00013
5028,FLASH LIGHT SQUARE WHITE DIMOND,,5,25,0,40,C00013
5029,FLASH LIGHT SQUARE MULTY DIMOND,,5,25,0,40,C00013
5030,FLASH LIGHT SQUARE MULTY MOCC,,5,30,0,40,C00013
5031,CRASH GUARD DIMOND CP,,5,400,0,1200,C00013
5032,FLASH LIGHT SQUARE GREEN MOCC,,5,30,0,40,C00013
5033,FLASH LIGHT SQUARE WHITE MOCC,,5,30,0,40,C00013
5034,FLASH LIGHT SQUARE BLUE MOCC,,5,30,0,40,C00013
5035,GLOVES MONSTER PRO BIKER M BLUE,,5,220,0,390,C00013
5036,GLOVES MONSTER PRO BIKER XL BLACK,,5,220,0,390,C00013
5037,GLOVES MONSTER PRO BIKER L BLACK,,5,220,0,390,C00013
5038,GLOVES MONSTER PRO BIKER XXL BLACK,,5,220,0,390,C00013
5040,GLOVES PRO BIKER XXL BLACK,,5,210,0,350,C00013
5041,GLOVES PRO BIKER L BLACK,,5,210,0,350,C00013
5042,GLOVES PRO BIKER HALF XXL RED,,5,210,0,340,C00013
5043,GLOVES MAD BIKER XL,,5,400,0,660,C00013
5044,GLOVES KTM XL,,5,350,0,480,C00013
5046,GLOVES PRO BIKER HALF L RED,,5,210,0,340,C00013
5047,FOG LAMP WITH ANGEL CAR,,5,1070,0,1900,C00013
5048,GLOVES R BLACK,,5,120,0,200,C00013
5049,HANDLE GRIP MONSTER W/PULSAR WEIGHT,,5,80,0,150,C00024
5050,HANDLE GRIP MONSTER W/FZ WEIGHT GREEN,,5,50,0,68,C00024
5051,HANDLE GRIP FANCY,,5,110,0,150,C00024
5053,3 LED LIGHT N/M,,5,10,0,30,C00013
5055,FOG LAMP 4 LED,,5,110,0,280,C00013
5057,HAND GUARD PGX ACREBIS,,5,900,0,1850,C00013
5058,3 LED LIGHT ALL COLOR,,5,8,0,20,C00013
5059,ANGEL BELLASTER SINGLE ANGEL,,5,235,0,330,C00013
5060,ANGEL LIGHT COB BIG,,5,166,0,300,C00013
5061,ANGEL LIGHT LED DOT,,5,81,0,180,C00013
5062,DRL LIGHT 30cm,,5,162,0,430,C00013
1036,BRAKE  SWITCH fz/fazer SWISS,,5,33,0,45,C00009
1041,MUDGUARD CLAMP shine FRONT PIVO,,5,58,0,89,C00004
1042,MUDGUARD CLAMP splendor FRONT PIVO,,5,38,0,58,C00004
1043,CRASH GUARD rx ZANA,,5,483,0,750,C00003
5063,ANGEL LIGHT COB SMALL,,5,160,0,300,C00013
5065,CENTRAL LOCK MONSTER W/KEY,,5,480,0,1100,C00013
5067,CHEE SIREN FISTA,,5,75,0,140,C00013
5069,FLASH LIGHT DUEL RED,,5,148,0,200,C00013
5071,FOG LAMP CRASH GUARD LENCE (GLASS RING),,5,310,0,680,C00013
5072,FOG LAMP NORMAL,,5,70,0,120,C00013
5073,HAND GUARD W/LED ORANGE,,5,802,0,1800,C00013
5074,BAR HANDLE BULLET SMALL BALCK,,5,220,0,450,C00013
5075,HANDLE BAR BULLET HEAVY,,5,580,0,950,C00013
109,HEAD LIGHT GRILL bullet ALLOY BIG,,5,450,0,850,C00013
5077,HEAD LIGHT GRILL BULLET ALLOY NORMAL,,5,295,0,800,C00013
5078,HL GRILL bullet NORMAL,,5,202,0,450,C00013
1044,MIRROR splendor plus LEFT LUMAX,,5,69,0,96,C00002
1049,BRAKE SWITCH glamour/super splendor/passion xpro SWISS,,5,38,0,50,C00009
1050,LADIES HANDLE activa O/M JYOTHI,,5,38,0,54,C00004
1055,LADIES HANDLE activa N/M JYOTHI,,5,38,0,54,C00004
1057,IGNITION COIL activa/pulsar RAKESH,,5,135,0,180,C00004
1060,MUDGUARD glamour FRONT ARROW,,5,266,0,380,C00002
1062,FORK DUST RUBBER hh OE PACKING,,5,29,0,56,C00002
1063,HEAD BEADING activa N/M,,5,34,0,51,C00004
1064,FOOT REST victor FRONT ZODIX,,5,30,0,42,C00006
1159,HUB COVER dio N/M VHPL,,5,30,0,39,C00004
1170,LOCK SET passion pro (SET/4) MINDA,,5,596,0,785,C00012
1171,LOCK SET glamour N/M (SET 4) MINDA,,5,609,0,833,C00012
1173,VISOR pleasure ARROW,,5,228,0,350,C00002
1186,FULL PACKING apache rtr180 SK,,5,49,0,70,C00006
1211,HALF PACKING apache rtr 180 SK,,5,26,0,36,C00006
1214,GEAR LIVER discover 125/135 ZODIX,,5,101,0,144,C00005
1220,TALE LIGHT passion plus LUMAX,,5,90,0,116,C00002
1221,TALE LIGHT GLASS splendor O/M FLY,,5,56,0,75,C00002
1222,HL DOOM cd100 MINDA,,5,54,0,68,C00002
1224,HL DOOM rx SIGMA,,5,33,0,50,C00003
1225,MIRROR pleasure RH MINDA,,5,110,0,154,C00002
1226,MIRROR pleasure LH MINDA,,5,110,0,145,C00002
1276,TALE GLASS glamour LUMAX,,5,79,0,105,C00002
1280,HL ASSY aviator FIEM,,5,443,0,614,C00004
1281,LOCK SET rx100 (IGNITION LOCK),,5,221,0,286,C00001
1282,BELT activa O/M BANDO,,5,176,0,235,C00004
1283,CHAIN LUBE ROLON 120ml,,5,115,0,140,C00013
1284,NUMBER PLATE CLAMP splendor FRONT PIVO,,5,22,0,33,C00002
1285,HL STAY splendor ZODIX,,5,45,0,64,C00002
1287,TIN PAINT BLACK GLOSY SARC,,5,77,0,120,C00002
5079,TALE LAMP BULB LED FLASHING RED,,5,90,0,140,C00013
5082,HL BULB 3LED W/RING,,5,130,0,280,C00023
5083,MUDGUARD EMBLEM ROYAL ENFIELD CP,,5,260,0,360,C00013
5084,FOG LAMP W/LENCE SMALL,,5,120,0,280,C00013
5085,HANDLE BAR BULLET BIG PIPE,,5,460,0,800,C00013
1308,CDI UNIT activa O/M MINDA,,5,429,0,565,C00004
965,CHAIN SPROCKET discover100 UP TO MARCH 2011,,5,650,0,844,C00005
997,CHAIN SPROCKET caliber O/M DIMOND,,5,649,0,857,C00005
621,CHAIN SPROCKET victor gx,,5,549,0,726,C00006
195,RR UNIT activa O/M MINDA,,5,147,0,193,C00004
1409,DIPPER SWITCH activa MINDA,,5,49,0,65,C00004
1410,CHAIN SPROCKET discover125 MINDA,,5,645,0,901,C00005
5087,PARK BULB 5LED PIN HOLDER,,5,12,0,30,C00013
5088,PARK BULB SERAMIC PIN HOLDER,,5,35,0,80,C00013
5089,PARK BULB 8LED PIN HOLDER,,5,22,0,40,C00013
5090,PARK BULB NORMAL PIN HOLDER,,5,5,0,11,C00013
5091,INDICATOR BULB LED,,5,30,0,70,C00013
5092,PARK BULB 9LED PIN HOLDER,,5,25,0,70,C00013
5093,PARK BULB PROJECTOR PIN HOLDER,,5,40,0,90,C00013
5094,PARK BULB LENCE & LED,,5,38,0,100,C00013
5095,PARK BULB SERAMIC BULLET HOLDER,,5,40,0,70,C00013
5096,PARK BULB 5LED BULLET HOLDER,,5,15,0,40,C00013
5097,PARK BULB 5LED BLINKER PIN HOLDER,,5,25,0,40,C00013
1411,SEAT LOCK CLAMP activa,,5,4,0,10,C00002
1413,TIN PAINT WHITE SARC,,5,72,0,130,C00007
1414,INDICATOR hunk SWISS,,5,104,0,137,C00002
1415,SEAT COVER libero ARUN,,5,130,0,180,C00003
1416,MUDGUARD cd dlx N/M SAI,,5,297,0,425,C00002
1418,DISC PAD fz ASK,,5,95,0,127,C00003
1420,TIN PAINT RED ORANGERED SARC,,5,75,0,130,C00002
1421,FIRST GRIP ybx,,5,56,0,70,C00003
1422,BREAK CABLE activa N/M REAR LAREX,,5,119,0,170,C00001
1423,BREAK CABLE activa N/M FRONT LAREX,,5,99,0,142,C00001
1424,CENTER STAND PIN crux/libero/ybx,,5,38,0,54,C00003
1425,CLUTCH YOKE 4s KQ,,5,35,0,47,C00005
1427,HALF PACKING KIT activa N/M HET SK,,5,32,0,40,C00004
1428,HORN RELAY minda 4PIN,,5,62,0,84,C00007
1430,SIDE STAND activa N/M VENDERS,,5,150,0,213,C00004
1431,BREAK CAM rx/crux/libero ZODIX,,5,68,0,90,C00003
5070,MIRROR FANCY YONGE SMALL BLUE,,5,240,0,350,C00020
5099,MIRROR FANCY H TYPE GREEN,,5,160,0,280,C00020
5098,MIRROR FANCY TRIANGLE,,5,150,0,260,C00020
5100,MIRROR FANCY O/M,,5,150,0,250,C00020
5101,MIRROR FANCY FIRE O/M,,5,160,0,280,C00020
5102,MIRROR FANCY YONGE BIG GREEN,,5,260,0,360,C00020
5103,GRILL SET bullet BLACK,,5,450,0,1200,C00025
5104,MIRROR FANCY GTR OTHER,,5,190,0,340,C00020
5105,MIRROR FANCY HEAVY GOLD,,5,190,0,350,C00020
816,HL ASSY boxer MINDA,,5,485,0,649,C00007
1327,CHAIN SPROCKET platina125 DIMOND,,5,538,0,711,C00005
959,CHAIN SPROCKET platina100 MINDA,,5,590,0,863,C00005
633,CHAIN SPROCKET apache rtr160 DIMOND,,5,784,0,1018,C00006
779,SWITCH SET passion pro dijital MINDA,,5,302,0,405,C00002
1023,LADIES FOOT REST activa KQ,,5,407,0,526,C00004
1432,ACC CABLE wego N/M / JUPITER,,5,105,0,162,C00006
1433,LADIES HANDLE activa N/M RADIENT,,5,54,0,119,C00004
1434,HANDLE BAR fz/fazer 7SEAS,,5,165,0,232,C00002
1436,VISOR passion pro dijital BLACK & GREY SAI,,5,490,0,685,C00002
1437,TIN PAINT SILVER SARC,,5,74,0,130,C00007
1438,TIN PAINT BLUE GLOBAL,,5,80,0,160,C00007
1440,CASTROL 900ml 20/40W,,5,255,0,293,C00011
1441,HALF AXIL glamour,,5,44,0,64,C00002
1442,FIRST GRIP fz/fazer OE(LH&RH),,5,76,0,84,C00002
5106,MIRROR FANCY KOSO RED,,5,130,0,300,C00020
5107,MIRROR FANCY FIRE RED,,5,190,0,320,C00020
5112,STROBE LAMP BIG LENCE,,5,180,0,400,C00013
1443,FOOT REST splendor FL OE,,5,154,0,170,C00002
1444,HL ASSY pul150/ct100 FIEM,,5,314,0,442,C00005
1445,SEAT LOCK CABLE activa N/M SUPRAJIT,,5,27,0,42,C00001
1446,FOOT REST splendor FR OE,,5,154,0,170,C00002
1447,KICKER BUSH rx ARUN,,5,3.5,0,7,C00003
1448,LIVER BOOT rx ZODIX,,5,17,0,24,C00003
1449,TANK CAP fz MINDA,,5,335,0,442,C00012
1450,LOCK SET victor MINDA,,5,497,0,677,C00012
1451,LOCK SET glamour (SET4) 4PIN MINDA,,5,642,0,877,C00012
1452,CHAIN SPROCKET passion pro DIMOND,,5,567,0,706,C00002
1453,DISC REPAIR KIT pulsar O/M OE,,5,217,0,244,C00005
1454,ONE WAY CLUTCH pulsar OE,,5,544,0,613,C00005
1455,CONE SET activa O/M OE,,5,368,0,418,C00004
1456,CLUTCH CABLE splendor OSPRAY,,5,65,0,92,C00002
1457,BREAK CABLE glamour/super splendor SUPRAJITH,,5,59,0,93,C00002
5113,ANTINA SMALL WHITE,,5,135,0,300,C00013
5114,BAR END MIRROR TRIANGLE,,5,360,0,850,C00020
5115,BAR END MIRROR OWAL BIG,,5,450,0,770,C00020
5118,FOG LAMP CRASH GUARD BLACK BODY,,5,555,0,880,C00013
5054,FOG LAMP CRASH GUARD SMALL,,5,210,0,380,C00013
5121,FOG LAMP CRASH GUARD 3PIECE,,5,867,0,1400,C00013
5122,HL BULB LED & COLOR,,5,217,0,360,C00023
5124,MIRROR FANCY GTR N/M GREEN,,5,270,0,420,C00020
5126,DRL LIGHT 60CM PAIR,,5,1150,0,1200,C00013
5127,MIRROR FANCY GTR CARBON,,5,250,0,420,C00020
1458,PACKING KIT rx OE,,5,171,0,200,C00003
1459,IGNITION COIL activa POWER,,5,135,0,180,C00013
1461,MAT dio N/M,,5,80,0,120,C00004
1462,MAT pleasure,,5,85,0,120,C00002
1463,FLOOT rx100,,5,64,0,85,C00003
1464,OIL FILTER caliber/discover STEELBIRD,,5,22,0,28,C00005
1465,FOOT REST ROD splendor REAR SET,,5,203,0,290,C00002
1467,ACC CABLE splendor MINDA,,5,45,0,66,C00004
1469,CLUTCH CABLE discover100 SUPRAJIT,,5,92,0,146,C00001
1470,SM CABLE discover/platina N/M AVS,,5,63,0,94,C00005
1471,CHAIN SPROCKET szr/sz/szx ROLON,,5,685,0,835,C00003
1472,CENTER STAND discover100/112/125/135 ZODIX,,5,252,0,360,C00005
1473,SEAT COVER crux ARUN,,5,130,0,190,C00003
,L CLAMP MEDIUM,,5,18,0,25,C00007
1474,HL BULB passion BOSCH,,5,61,0,85,C00007
1475,HL HOLDER crux r SWISS,,5,40,0,58,C00005
1476,HANDLE WEIGHT pulsar CP PIVO,,5,62,0,94,C00005
1477,CHAIN SPROCKET cbz xtreem/hunk ROLON,,5,743,0,906,C00002
1478,CHAIN SPROCKET passion plus A/W ROLON,,5,484,0,578,C00002
1479,CHAIN SPROCKET splendor y2k ROLON F41,,5,474,0,578,C00002
1480,BREAK CABLE ray/alpha/fascino FRONT SUPRAJIT,,5,116,0,183,C00001
1481,BRAKE CABLE splendor SUPRAJIT,,5,56,0,83,C00001
1482,ACC CABLE SPLENDOR SUPRAJIT,,5,44,0,66,C00001
1483,SM CABLE activa O/M SUPRAJIT/LAREX,,5,70,0,110,C00001
1485,BREAK LIVER pulsar MINDA,,5,57,0,77,C00005
1486,CLUTCH YOKE pulsar MINDA,,5,45,0,61,C00005
1488,SWITCH SET fz LEFT MINDA,,5,279,0,374,C00003
1489,SWITCH SET fz RIGHT MINDA,,5,282,0,378,C00003
1490,HORN SWITCH wego MINDA,,5,48,0,64,C00006
1491,BOSCH 20/50 500ml,,5,109,0,139,C00011
1492,BEARING 6004 TEXPIN,,5,62,0,80,C00007
1493,MUDGUARD super splendor BLACK AROW,,5,253,0,390,C00002
1494,CONE SET apache/160/180 ZODIX,,5,154,0,220,C00006
1495,MUDGUARD SCREW passion FRONT,,5,2.5,0,4,C00002
,ALL ROUND GUARD dio ARUN,,5,326,0,440,C00004
,FRONT GUARD dio ARUN,,5,346,0,490,C00004
,FRONT GUARD dio ARUN (MUDGUARD),,5,110,0,220,C00004
5128,HORN BLACK CAT,,5,300,0,450,C00013
5129,LED KIT (2LED),,5,700,0,1100,C00013
5132,PROJECTOR LED 220,,5,1120,0,1850,C00023
1496,BEARING 6004Z SKF,,5,144,0,191,C00007
1498,BREAK YOKE discover MINDA,,5,45,0,61,C00005
1499,AIR FILTER cbz xtreem/humk PIVO,,5,55,0,84,C00002
1500,BRAKE SHOE 4s ALLIED,,5,94,0,144,C00010
5133,INDICATOR FANCY STROBE LENCE,,5,152,0,275,C00013
5134,MIRROR FANCY KOSO YOKE,,5,480,0,780,C00020
5135,FANCY LIGHT (SNEHA AGENCY),,5,105,0,150,C00013
5136,PROJECTOR FLOWER AUDI RING,,5,600,0,1250,C00023
5137,PROJECTOR DOT RING,,5,950,0,1800,C00023
1501,HL ASSY crux FIEM,,5,333,0,469,C00003
1502,VISOR cd dlx O/M BLACK ARROW,,5,182,0,280,C00002
1503,VISOR cd dlx N/M BLACK RED ARROW,,5,245,0,350,C00002
1504,VISOR cd dlx N/M BLACK BLUE ARROW,,5,245,0,350,C00002
1505,BALL SET activa N/M ZODIX,,5,14,0,20,C00004
1506,FOOT REST activa O/M ZODIX,,5,71,0,98,C00004
1508,BREAK CABLE activa110 NARBADA,,5,116,0,165,C00001
1509,CHAIN SPROCKET passion x pro ROLON,,5,615,0,750,C00002
1510,TIN PAINT RED SARC,,5,74,0,130,C00007
1511,CUSH RUBBER 4S STEELBIRD,,5,51,0,65,C00005
1512,BENDEX REPAIR KIT activa VHPL,,5,32,0,42,C00004
1513,HEAD BEADING activa O/M HSTAR,,5,22,0,29,C00004
1514,CLUTCH YOKE discover100 KQ,,5,45,0,56,C00005
1516,SIDE COVER passion plus O/M BLACK RED SAI,,5,439,0,610,C00002
5138,SILENCER/EXHAUST MT,,5,1000,0,2200,C00022
5141,PROJECTOR LED FLOWER CCLF,,5,1300,0,2200,C00013
5142,MIRROR PANGA,,5,247,0,390,C00020
5143,BAR END MIRROR SQUARE HEAVY,,5,385,0,750,C00020
1517,HEAD BEADING discover VHPL,,5,54,0,72,C00005
1518,HL HOLDER 4s/boxer SWISS,,5,61,0,80,C00005
1519,HL ASSY super splendor LUMAX,,5,502,0,651,C00002
1520,MIRROR kinetic honda VISION,,5,47,0,66,C00001
1521,SM CABLE splendor O/M SUPRAJIT,,5,55,0,86,C00001
1522,SM CABLE passion pro dijital NARBADA,,5,43,0,70,C00001
1523,SM CABLE splendor plus OSPRAY,,5,60,0,80,C00001
1524,TANK CAP pulsar MINDA,,5,450,0,592,C00012
1525,CHAIN SPROCKET passion plus O/M DIMOND,,5,445,0,616,C00002
1526,CHAIN SPROCKET star city O/M DIMOND,,5,510,0,706,C00006
1527,SEAT LOCK CABLE activa O/M OSPRAY,,5,40,0,54,C00007
1528,BELT ray/alpha ROLON,,5,208,0,290,C00006
1529,OIL SEAL KIT avtiva O/M HTA,,5,0,0,0,C00004
1530,HANDLE WEIGHT pulsar CP ZODIX,,5,114,0,164,C00005
5144,HL BULB (3LED),,5,90,0,250,C00023
1545,GLOVES MC29,,5,455,0,680,C00013
1546,GLOVES MC23,,5,525,0,775,C00013
1547,FOOT REST SPRING,,5,120,0,230,C00013
5146,HANDLE GRIP MOXI,,5,185,0,230,C00024
5147,INDICATOR FANCY ARROW (DUEL COLOR),,5,140,0,300,C00013
5148,INDICATOR FANCY HARLY,,5,230,0,400,C00013
5149,INDICATOR FANCY RACING,,5,135,0,280,C00013
5151,BAR END MIRROR ROUND BLACK,,5,450,0,850,C00020
5152,HANDLE GRIP MOXI DUEL COLOR,,5,135,0,240,C00024
1531,CHAIN LUBE MOTUL 150ML,,5,191,0,255,C00007
1532,CRANK OIL SEAL activa O/M PIONEER,,5,35,0,46,C00004
1533,CAM SHAFT activa O/M,,5,487,0,609,C00004
,ALL ROUND GUARD activa 3g BLACK ARUN,,5,326,0,440,C00013
,FRONT GUARD activa 3g BLACK ARUN (MUDGUARD),,5,123,0,225,C00004
,FRONT GUARD activa 3g BLACK ARUN,,5,320,0,420,C00013
1534,LADIES FOOT REST dio N/M PATHAK,,5,420,0,570,C00004
1535,INDICATOR SWITCH wego MINDA,,5,54,0,72,C00003
5154,NUT BOLT FANCY,,5,6,0,10,C00013
5155,INDICATOR FANCY LINE TYPE,,5,260,0,380,C00013
5156,FOG LAMP CRASH GUARD U2,,5,310,0,670,C00013
5159,HANDLE GRIP MOXI W/HAND,,5,175,0,240,C00024
5160,MIRROR FANCY BULLET,,5,350,0,580,C00020
5161,MIRROR FANCY BULLET,,5,350,0,550,C00020
5162,MIRROR FANCY BULLET,,5,260,0,485,C00020
5163,MIRROR FANCY BULLET,,5,350,0,480,C00020
5164,MIRROR FANCY BULLET,,5,260,0,420,C00020
5165,MIRROR FANCY HEAVY CNC,,5,760,0,1100,C00020
5166,FOG LAMP CRASH GUARD 3PIECE,,5,960,0,1400,C00013
5167,PROJECTOR PRO BIKER,,5,1410,0,2800,C00013
1536,CREEM POLISH MOTO MAX,,5,75,0,85,C00013
1537,LOCK SET fzs (set 4) MINDA,,5,679,0,927,C00012
1538,ACC CABLE passion pro dijital NARBADA,,5,57,0,82,C00001
1540,CLUTCH FACE ct/platina/discover (METAL) SPEEDCON,,5,68,0,96,C00005
1549,GEAR LIVER pulsar180/220 ZODIX,,5,224,0,308,C00005
1550,BEARING 6202 TEXPIN,,5,58,0,75,C00007
5168,FOG LAMP 6 LED,,5,130,0,300,C00013
1551,FORK OIL SEAL splendor ENDURANCE,,5,42,0,52,C00007
1552,SIDE STAND PULSAR 200/220,,5,68,0,98,C00003
5021,HL BULB LED (W/W),,5,100,0,300,C00023
5004,HAND GUARD RACING,,5,550,0,1100,C00013
5116,HAND GUARD W/INDICATOR BLUE,,5,600,0,1700,C00013
5131,GRILL SET bullet CHROME METAL,,5,630,0,1400,C00013
5150,HL GRILL bullet BLACK & CHROME,,5,280,0,650,C00013
5120,HL ASSY rx W/GRILL,,5,310,0,450,C00013
316,LOCK SET dio N/M MINDA,,5,310,0,423,C00012
133,HL ASSY fz MINDA,,5,571,0,778,C00003
606,BELT scooty BANDO,,5,282,0,365,C00006
919,CLUTCH LIVER victor KQ,,5,36,0,54,C00006
530,VISOR passion plus A/W BLACK BLUE SAI,,5,298,0,425,C00002
1068,LOCK SET aviator N/M MINDA,,5,303,0,409,C00012
1100,CASTROL 1ltr 20/40W,,5,272,0,313,C00011
1271,SHOCKUPSOR passion REAR GABRIEL,,5,564,0,664,C00004
1332,CLUTCH LIVER boxer FORCE,,5,32,0,46,C00005
1466,NUMBER PLATE CLAMP passion plus ZODIX,,5,23,0,34,C00002
962,CENTER STAND activa N/M ZODIX,,5,203,0,290,C00004
1024,SIDE PANNEL RUBBER pulsar ZODIX,,5,4,0,5,C00005
5139,TANK PAD BIG,,5,40,0,100,C00013
299,SM CABLE unicorn LAREX,,5,70,0,99,C00001
1254,CLUTCH CABLE unicorn SUPRAJIT,,5,76,0,120,C00001
352,VISOR passion plus O/M  BLACK RED SAI,,5,287,0,410,C00002
373,VISOR passion pro dijital BLACK RED SAI,,5,490,0,685,C00002
5013,HANDLE GRIP KTM (FIRST GRIP),,5,170,0,220,C00021
5039,5M AUTO SHINE 100ml,,5,55,0,95,C00013
5119,HL BULB passion WHITE,,5,55,0,150,C00013
5111,PARK BULB CHIP TYPE,,5,50,0,90,C00013
5015,PARK BULB W/FLASH,,5,70,0,120,C00013
5169,PARK BULB 6 LED STRAIGHT,,5,30,0,70,C00013
5171,PARK BULB COB CHIP,,5,35,0,80,C00013
930,PIN BUSH activa O/M HSTAR,,5,87,0,123,C00004
1417,PIN BUSH activa N/M HSTAR,,5,84,0,120,C00004
5172,BATTERY 9LB EXIDE,,5,1679,0,2181,C00013
5173,HANDLE GRIP NARSAN,,5,45,0,73,C00016
5174,CHAIN CLEANER BRUSH,,5,110,0,200,C00013
5175,BAR HANDLE BLACK SMALL,,5,110,0,350,C00013
1553,SIDE PANNEL passion plus BLACK/BLUE SAI,,5,439,0,628,C00002
5176,HID KIT H7,,5,500,0,1100,C00023
1554,LOCK SET unicorn O/M (SET3),,5,681,0,928,C00012
1555,MIRROR wego LH MINDA,,5,112,0,150,C00006
1556,MIRROR wego RH MINDA,,5,112,0,150,C00006
1557,MIRROR pulsar LH AUTOBIRD,,5,100,0,136,C00002
1558,INDICATOR rx REAR MINDA,,5,80,0,108,C00003
5170,GRILL SET CHROME FIBER,,5,250,0,600,C00013
5177,INDICATOR FANCY ALL MODEL,,5,130,0,300,C00013
5179,HELMET LOCK CABLE,,5,70,0,130,C00013
5180,HANDLE BAR COLOR W/ROD,,5,300,0,750,C00013
5182,HL BULB LED (3LED) W/W,,5,160,0,370,C00023
5183,FOG LAMP CRASHGUARD 2LED,,5,680,0,1150,C00013
5184,FLASH LIGHT 3LED,,5,140,0,290,C00013
5185,FOG LAMP CRASHGUARD 6LED,,5,750,0,1250,C00013
1004,CLUTCH CABLE rx100/135 LAREX,,5,56,0,75,C00001
697,BREAK CABLE rx SUPRAJIT,,5,52,0,82,C00001
720,ACC CABLE rx100 SUPRAJIT,,5,155,0,245,C00001
610,SM CABLE wego N/M SUPRAJIT,,5,72,0,114,C00001
190,ACC CABLE ybr/ybx SUPRAJIT,,5,69,0,108,C00001
658,MAT activa O/M VENDER,,5,85,0,130,C00004
,MAT aviator VENDER,,5,90,0,130,C00004
1247,MOTUL 20/40 1Ltr,,5,217,0,315,C00011
880,BEARING 6301Z SKF,,5,93,0,110,C00007
1439,ACC MOUNTING victor PIVO,,5,25,0,36,C00006
1435,CHAIN SPROCKET dream yuga ROLON,,5,688,0,840,C00002
1058,FOOT REST ROD victor ZODIX,,5,189,0,270,C00006
682,STAY BOLT rx,,5,6,0,8,C00003
1048,FOOT REST apache FRONT LEFT ZODIX,,5,91,0,130,C00006
140,FOOT REST apache FRONT RIGHT ZODIX,,5,91,0,130,C00006
1204,VALVE OIL SEAL pulsar,,5,34,0,58,C00005
306,MAT activa 3g VENDER,,5,96,0,130,C00004
302,SIDE STAND pulsar UG3,,5,86,0,115,C00026
219,GREESE MICO 500ml,,5,120,0,160,C00007
297,TANK CAP passion MINDA,,5,276,0,335,C00002
664,SIDE PANNEL passion plus BLACK/RED SAI,,5,439,0,628,C00002
123,INDICATOR apache WHITE MINDA,,5,104,0,139,C00006
107,CHAIN SPROCKET splendor y2k MINDA,,5,420,0,628,C00002
1560,CHAIN SPROCKET passion plus O/M MINDA,,5,426,0,635,C00002
1580,FLUG HH SMALL NGK,,5,69,0,87,C00002
13,FLUG HH BIG NGK,,5,77,0,96,C00002
1563,NUMBER PLATE aviator MISSINDIA,,5,46,0,65,C00004
1564,SIDE PANNEL splendor plus ARROW,,5,247,0,380,C00002
1565,TALE PANNEL splendor plus BLACK BLUE ARROW,,5,240,0,370,C00002
1566,MIRROR shine O/N RH FIEM,,5,109,0,146,C00004
1567,BRAKE SHOE pulsar ASK,,5,97,0,170,C00010
1569,HL ASSY victor LUMAX,,5,301,0,402,C00006
5186,MIRROR FANCY GTR RED,,5,200,0,420,C00020
1571,SPEEDO MEETER rx100 OE,,5,506,0,594,C00003
1572,PILOT LAMP rx LEFT OE,,5,114,0,146,C00003
1573,PILOT LAMP rx RIGHT OE,,5,114,0,146,C00003
1574,ACC CABLE WEGO O/M OPRAY,,5,142,0,204,C00001
5188,KOSO MIRROR BLACK,,5,120,0,320,C00020
5189,HAND GUARD W/INDICATOR BLACK,,5,800,0,1700,C00013
5190,HAND GUARD BLACK HEAVY W/INDICATOR,,5,950,0,1850,C00013
5191,SILENCER TRIANGLE SMALL,,5,1850,0,3500,C00022
5192,HL BULB LED W&COLOR,,5,220,0,360,C00023
1575,BRAKE SHOE hh SMALL ALIED,,5,82,0,136,C00010
1576,BRAKE SHOE hh BIG MINDA,,5,86,0,168,C00010
1577,CLUTCH CABLE pulsar 150/180 dijital ENRON,,5,75,0,110,C00001
,CHAIN LOCK 428H,,5,14.5,0,17,C00007
,CHAIN LOCK 420,,5,8.5,0,10,C00007
5193,MELODY MAKER LANCER,,5,70,0,120,C00013
1581,SIDE PANNEL splendor BLACK ARROW,,5,280,0,400,C00002
1582,TAIL PANNEL splendor BLACK ARROW,,5,234,0,360,C00002
1583,SIDE PANNEL MONOGRAM splendor PIVO,,5,30,0,42,C00002
1584,PETROL TUBE activa,,5,40,0,50,C00004
1585,FOOT REST pulsar RR ZODIX,,5,39,0,55,C00005
5194,PROJECTOR COB ANGEL,,5,600,0,1450,C00023
5195,PROJECTOR AUDI RING LED,,5,550,0,1400,C00023
214,INDICATOR passion plus RL FIEM,,5,83,0,116,C00002
1588,HALF PACKING discover 125 SK,,5,23,0,32,C00005
1589,CUSH RUBBER glamour/super splendor STEELBIRD,,5,74,0,95,C00002
1591,SIDE STAND splendor OE P,,5,90,0,145,C00002
1592,INDICATOR BULB ORANGE CROSS PIN,,5,7,0,10,C00007
1590,INDICATOR shine/unicorn RR FIRM,,5,95,0,128,C00004
1593,LOCK SET passion plus (SET4) MINDA,,5,582,0,767,C00012
1594,TANK COVER super splendor PIVO,,5,120,0,186,C00002
1595,CLUTCH FACE splendor COMBO MK,,5,159,0,240,C00002
1596,HL BULB passion JAGAN,,5,56,0,85,C00007
1597,TANK COVER starcity PIVO,,5,121,0,186,C00006
1598,CLUTCH CABLE pulsar DIJITAL SUPRAJIT,,5,79,0,117,C00001
1600,TIN PAINT RED SCARLETRED SARC,,5,75,0,130,C00013
1601,HL ASSY platina FIEM,,5,387,0,544,C00005
1602,INDICATOR rx FRONT FIEM,,5,79,0,110,C00003
160,TUBE 2/75/18,,5,212,0,295,C00014
693,TUBE 300/18 GABRIEL,,5,212,0,295,C00014
790,SEAT LOCK CABLE activa N/M LAREX,,5,24,0,35,C00001
288,SEAT LOCK CABLE activa125 LAREX,,5,21,0,30,C00001
5157,MIRROR FANCY LOVE U STAR BLACK BLUE,,5,140,0,300,C00020
1426,SPOKES splendor FRONT GOLD,,5,140,0,210,C00002
289,SPOKES splendor REAR GOLD,,5,140,0,210,C00002
1603,SIDE BOX KIWI GLOSY,,5,535,0,765,C00007
,WHEEL RIM YESDI,,5,410,0,600,C00007
984,BREAK SHOU activa O/M MINDA,,5,86,0,168,C00004
1291,CLUTCH LIVER pulsar 150 UG4 FORCE,,5,44,0,64,C00004
598,TUBE 300/17 GABRIEL,,5,182,0,241,C00014
1562,INDICATOR splendor plus FIEM RL,,5,84,0,118,C00002
980,MIRROR splendor O/M LEFT FIEM,,5,73,0,102,C00002
1487,ACC CABLE ray/albha/fascino SUPRAJIT,,5,164,0,260,C00003
402,BOSCH 20/40 1ltr,,5,188,0,284,C00011
399,BOSCH 20/40 900ml,,5,169,0,258,C00011
5117,FOG LAMP U11,,5,700,0,1130,C00013
5014,PROJECTOR U11,,5,720,0,1400,C00023
5064,GRILL SET bullet BLACK & CHROME METAL,,5,582,0,1600,C00013
5068,5M AUTO SHINE 250ml,,5,150,0,195,C00013
287,SIDE STAND splendor VENDER,,5,70,0,100,C00002
5125,MELODY MAKER ROOTS,,5,180,0,248,C00013
5056,INDICATOR BULB LED YELLOW,,5,22,0,30,C00013
1193,BREAK SHOU SPRING victor,,5,2,0,5,C00006
5145,HANDLE POUCH PRO TAPER,,5,130,0,230,C00013
5181,POWER FILTER KN,,5,1660,0,2990,C00027
5109,LASER LOGO LIGHT,,5,294,0,400,C00013
5187,FOG LAMP CLAMP PRO RIDER,,5,850,0,950,C00013
5081,BIKE MOBILE CHARGER,,5,75,0,230,C00013
1195,FOOT REST splendor RR ZODIX,,5,47,0,58,C00002
5140,MIRROR FANCY GTR GREEN,,5,250,0,420,C00020
5263,MIRROR FANCY GTR SILVER,,5,250,0,420,C00013
5045,MIRROR FANCY GTR WHITE,,5,200,0,420,C00020
5002,SILENCER/EXHAUST M4,,5,2600,0,4500,C00022
5080,MIRROR FANCY GTR BLACK,,5,250,0,420,C00020
5178,MIRROR FANCY GTR BLUE,,5,200,0,420,C00020
5108,HL BULB LED (W/Y),,5,120,0,300,C00023
5197,CENTRAL LOCK SAFEGUARD,,5,430,0,950,C00013
5199,TALE BULB 3 LED W/FLASH,,5,65,0,160,C00013
878,VARIATOR SLEEV activa N/M VHPL,,5,55,0,78,C00005
5200,PROJECTOR HID SQUARE ANGEL (RED&GREEN),,5,1600,0,2500,C00013
5201,HL ASSY BULLET HARLY HALF RING,,5,5500,0,2750,C00013
5202,PROJECTOR HID ROUND ANGEL (RED&GREEN) AES,,5,1250,0,2600,C00023
5204,PROJECTOR ROUND ANGEL (PURPLE&RED),,5,1050,0,2200,C00013
5205,PROJECTOR HID ROUND (BLUE&RED),,5,1050,0,2200,C00013
1246,VISOR discover100 N/M BLACK RED OE,,5,585,0,713,C00005
282,VISOR pulsar RED OE,,5,538,0,655,C00005
1206,INDICATOR pulsar OE,,5,133,0,162,C00005
988,SEAT COVER activa N/M CUSSION,,5,170,0,230,C00013
661,SM PINION duro/kh ZODIX,,5,17,0,25,C00028
5206,LASER LINE LIGHT,,5,110,0,190,C00013
,TYRE & TUBE activa O/M (3/50/10) W/TUBE GABRIEL,,5,880,0,1150,C00014
1507,TUBE activa O/M 90/90/10 GABRIEL,,5,145,0,223,C00014
378,INDICATOR fz/fazer FRONT MINDA,,5,92,0,126,C00003
1419,SINGHARM BUSH fz/fazer OE,,5,36,0,40,C00003
309,SINGHARM BEARING fz/fazer OE,,5,372,0,410,C00003
5207,PROJECTOR LED (WHITE&RED),,5,1120,0,2200,C00013
5208,PROJECTOR LED (WHITE&BLUE),,5,1120,0,2200,C00013
5209,PROJECTOR LED (BLUE&RED),,5,1120,0,2200,C00023
5210,PROJECTOR LED FLOWER (GREEN&BLUE&RED),,5,1370,0,2800,C00023
882,SWITCH SET platina RH MINDA,,5,244,0,306,C00005
881,CLUTCH YOKE rx KQ 881,,5,35,0,47,C00003
876,BATTERY 5Z AMARON,,5,971,0,1295,C00007
1604,BATTERY 2.5 EXIDE,,5,805,0,1046,C00007
1605,BATTERY 5LB EXIDE,,5,1136,0,1477,C00001
1606,BATTERY 7LB AMARON,,5,1068,0,1425,C00007
5211,HL GRILL bullet N/M CP,,5,370,0,640,C00013
5212,GEAR LIVER RUBBER,,5,50,0,70,C00013
5213,MELODY MAKER 10 WAY,,5,110,0,195,C00013
5214,LASER LIGHT royal enfield,,5,240,0,400,C00013
5215,ANTINA SPRING BLACK SMALL,,5,125,0,350,C00013
5216,PROJECTOR FLOWER 3COLOR,,5,690,0,1600,C00023
5217,HAND GUARD W/LED RED,,5,600,0,1700,C00013
5218,FOG LAMP,,5,450,0,600,C00013
5219,MIRROR FANCY W/INDICATOR,,5,1850,0,1900,C00013
1607,TUBE aviator 90/90/12 TVS,,5,215,0,251,C00014
1608,MIRROR apache LH MINDA,,5,122,0,132,C00006
1609,FOOT REST splendor RR MEBESTO,,5,55,0,84,C00002
5220,POWER FILTER HP SMALL,,5,110,0,450,C00027
5221,QUICK THROTTLE BUGBON,,5,260,0,650,C00013
5222,INDICATOR FANCY HEAVY SINGLE COLOR,,5,140,0,290,C00013
1610,HL STAY rx OE,,5,142,0,157,C00003
5223,PROJECTOR HID ROUND (WHITE&RED),,5,1150,0,2200,C00023
5224,PROJECTOR LED SQUARE FLOWER,,5,1150,0,2350,C00023
5225,QUICK THROTTLE METAL,,5,650,0,950,C00013
5226,PROJECTOR LED SQUARE FLOWER W/FAN,,5,1600,0,2800,C00023
555,HL ASSY pulsar MINDA,,5,590,0,806,C00005
162,TYRE (TUBE LESS) ACTIVA N/M FRONT TVS 90/100/100,,5,881,0,1150,C00014
1279,TYRE (TUBE LESS) ACTIVA N/M REAR TVS 90/100/100,,5,929,0,1200,C00014
5227,PROJECTOR LED DUEL RING,,5,1000,0,2100,C00023
5228,PARK BULB NORMAL BULLET HOLDER,,5,6,0,11,C00013
5229,PARK BULB CERAMIC N/M,,5,25,0,60,C00013
929,HUB victor REAR SMALL ROBIN,,5,532,0,760,C00006
476,VARIATOR BUSH activa HET VHPL,,5,117,0,162,C00004
1412,CONE SET twister ZODIX,,5,189,0,280,C00004
1010,SM PINION wego/jupitor ZODIX,,5,20,0,28,C00006
126,CHAIN ADJUSTER dream yuga ZODIX,,5,68,0,96,C00004
363,SPOKES victor SMALL HUB zodix,,5,4.5,0,6.5,C00006
1278,CLUTCH SHOU activa HET,,5,470,0,600,C00004
124,DISC PAD shine N/M ASK,,5,101,0,127,C00004
5230,SILENCER RAINBOW SMALL PGX,,5,1700,0,3800,C00022
5231,SILENCER RAINBOW BIG PGX,,5,1800,0,3800,C00022
5232,HANDLE WEIGHT W/INDICATOR HEAVY,,5,800,0,1200,C00013
1612,MOTUL 800ml,,5,202,0,262,C00011
1613,INDICATOR apache FRONT RIGHT FIEM,,5,96,0,137,C00006
612,SEAT COVER passion plus CUSSION,,5,155,0,220,C00028
5233,SILENCER SMALL PIPE TYPE,,5,400,0,950,C00022
5234,PARK BULB HOLDER,,5,18,0,30,C00013
1615,TIMING CHAIN passion pro ROLON,,5,106,0,128,C00002
1614,VISOR passion pro O/M BLACK RED SAI,,5,497,0,709,C00002
1616,VISOR aviator BLACK SAI,,5,316,0,450,C00004
224,CHAIN SPROCKET victor/gl DIAMOND,,5,505,0,665,C00006
1570,CHAIN SPROCKET victor GX/AW MINDA,,5,503,0,697,C00006
156,INDICATOR passion pro RL fiem,,5,89,0,124,C00002
1027,BREAK CABLE ray REAR GABRIEL,,5,135,0,198,C00006
696,SIDE PANNEL cd delux N/M BLACK BLUE,,5,308,0,440,C00002
537,SIDE PANNEL cd delux N/M BLACK RED ARROW,,5,315,0,450,C00002
5235,TANK PAD KTM,,5,110,0,240,C00013
5236,TANK PAD GIXXER,,5,110,0,240,C00013
5238,SILENCER/EXHAUST ROUND,,5,750,0,1600,C00022
5239,LED KIT (6LED) YELLOW,,5,0,0,1300,C00013
5240,LED KIT W/COLOR,,5,720,0,1400,C00023
5241,LED KIT (2LED),,5,670,0,1200,C00023
5242,LED KIT TURBO H4,,5,930,0,1650,C00023
5243,LED KIT TURBO H7,,5,800,0,1350,C00023
5244,BAR HANDLE CP,,5,120,0,350,C00013
5245,HANDLE WEIGHT W/INDICATOR & PARK,,5,550,0,950,C00013
5246,MOBILE STAND W/USB,,5,450,0,950,C00013
5247,MOBILE STAND,,5,160,0,300,C00029
5248,LEVER SET FANCY fz,,5,560,0,1200,C00013
5249,LEVER SET FANCY pulsar,,5,560,0,1200,C00013
111,CHAIN SPROCKET discover jadu OE,,5,715,0,873,C00005
534,INDICATOR splendor O/M TANGO,,5,50,0,68,C00007
1160,INDICATOR fz REAR MINDA,,5,95,0,125,C00030
1599,AIR FILTER fz V2 KM,,5,140,0,205,C00003
1080,PETROL STAINER cd100 AR,,5,55,0,78,C00031
,CHAIN LOCK pulsar ORING,,5,24,0,30,C00032
,HANDLE GRIP RIZOMA,,5,170,0,300,C00024
5250,MIRROR FANCY KOSO BLUE,,5,130,0,300,C00020
5251,MIRROR FANCY H TYPE BLACK,,5,160,0,280,C00020
5252,MIRROR FANCY H TYPE RED,,5,160,0,280,C00020
5253,MIRROR FANCY YONGE SMALL WHITE,,5,260,0,350,C00020
5254,MIRROR FANCY YONGE SMALL GREEN,,5,260,0,350,C00020
5255,MIRROR FANCY YONGE SMALL BLACK,,5,260,0,350,C00020
5256,MIRROR FANCY YONGE BIG BLUE,,5,260,0,360,C00020
5257,MIRROR FANCY YONGE BIG RED,,5,260,0,360,C00020
5258,MIRROR FANCY HEAVY RED,,5,260,0,350,C00020
5259,MIRROR FANCY FIRE BLACK,,5,220,0,320,C00020
5260,MIRROR FANCY H TYPE CHROME,,5,160,0,280,C00020
5261,MIRROR FANCY GTR N/M WHITE,,5,260,0,420,C00020
5262,MIRROR FANCY GTR N/M BLACK,,5,260,0,420,C00020
5264,LED KIT CYT LED 3LED W/FAN,,5,500,0,1300,C00023
5265,HANDLE GRIP MONSTER W/FZ WEIGHT RED,,5,68,0,130,C00024
5266,CENTRAL LOCK SAFEGUARD W/VOICE,,5,560,0,1100,C00013
5267,HANDLE GRIP MONSTER W/FZ WEIGHT BLUE,,5,68,0,130,C00024
5268,HANDLE POUCH FOX,,5,110,0,250,C00013
5269,HANDLE GRIP XINLI,,5,180,0,300,C00024
5271,SILENCER/EXHAUST CARBON PGX,,5,280,0,600,C00022
5272,MOBILE STAND ULTRA STICKY,,5,190,0,350,C00029
5273,LEVER SET FANCY KTM,,5,470,0,1200,C00033
5274,LEVER SET FANCY ACTIVA,,5,470,0,1200,C00033
5275,INDICATOR FANCY KTM,,5,120,0,350,C00034
5276,BEND PIPE KTM,,5,3300,0,4800,C00013
5277,HANDLEBAR SWITCH (DUEL),,5,90,0,130,C00029
5278,HANDLEBAR SWITCH,,5,40,0,100,C00029
5279,F1 LIGHT,,5,90,0,155,C00013
5280,YOKE NUT,,5,17,0,30,C00035
5281,TUBE CAP,,5,16,0,30,C00013
5282,FOG LAMP M7 W/RING,,5,610,0,930,C00036
5283,CRASH GUARD AIR FLY W/ROPE,,5,1100,0,2200,C00013
5284,FOG LAMP YOKE,,5,405,0,780,C00036
5285,HORN ROOTS,,5,520,0,729,C00037
1212,BRAKE SWITCH activa PIVO,,5,19,0,27,C00009
1617,BRAKE SWITCH hh REAR MINDA,,5,36,0,49,C00009
1618,FIRST GRIP discover ARUN,,5,56,0,72,C00038
1635,BRAKE CABLE ACTIVA N/M MESTRO REAR,,5,122,0,180,C00001
1644,LAKEROL SMALL,,5,4,0,5,C00007
111111,ALL A NUMBERS,,5,0,0,0,C00013
